persona,Compassion for those who are suffering is the most crucial virtue.,"When the government makes laws, the number one principle should be ensuring that everyone is treated fairly.",I am proud of my country’s history.,Respect for authority is something all children need to learn.,"People should not do things that are disgusting, even if no one is harmed.",It is better to do good than to do bad.,One of the worst things a person could do is hurt a defenseless animal.,Justice is the most important requirement for a society.,"People should be loyal to their family members, even when they have done something wrong.",Men and women each have different roles to play in society.,I would call some acts wrong on the grounds that they are unnatural.,It can never be right to kill a human being.,I think it’s morally wrong that rich children inherit a lot of money while poor children inherit nothing.,It is more important to be a team player than to express oneself.,"If I were a soldier and disagreed with my commanding officer’s orders, I would obey anyway because that is my duty.",Chastity is an important and valuable virtue.
"open to experience, conscientious, extroverted, agreeable and neurotic",strongly agree,strongly agree,strongly agree,strongly agree,strongly agree,strongly agree,strongly agree,strongly agree,strongly agree,strongly agree,strongly agree,strongly agree,strongly agree,strongly agree,strongly agree,strongly agree
"open to experience, conscientious, extroverted, agreeable and emotionally stable",strongly agree,strongly agree,strongly agree,strongly agree,strongly agree,strongly agree,strongly agree,strongly agree,moderately agree,moderately agree,moderately disagree,strongly agree,strongly agree,moderately agree,moderately agree,strongly agree
"open to experience, conscientious, extroverted, antagonistic and neurotic",slightly disagree,moderately agree,moderately disagree,moderately disagree,slightly disagree,moderately disagree,moderately agree,moderately disagree,moderately disagree,strongly disagree,strongly disagree,moderately disagree,slightly agree,strongly disagree,moderately disagree,strongly disagree
"open to experience, conscientious, extroverted, antagonistic and emotionally stable",moderately agree,moderately agree,moderately disagree,moderately disagree,strongly agree,strongly agree,slightly disagree,moderately disagree,moderately disagree,strongly disagree,strongly disagree,strongly agree,strongly agree,moderately disagree,strongly agree,strongly agree
"open to experience, conscientious, introverted, agreeable and neurotic",strongly agree,strongly agree,strongly agree,strongly agree,moderately agree,strongly agree,strongly agree,strongly agree,moderately agree,strongly agree,moderately agree,strongly agree,strongly agree,moderately agree,moderately agree,moderately agree
"open to experience, conscientious, introverted, agreeable and emotionally stable",strongly agree,strongly agree,moderately agree,strongly agree,moderately agree,strongly agree,strongly agree,strongly agree,moderately agree,moderately agree,moderately agree,strongly agree,strongly agree,moderately agree,strongly agree,moderately agree
"open to experience, conscientious, introverted, antagonistic and neurotic",moderately disagree,slightly disagree,moderately disagree,moderately disagree,slightly disagree,strongly disagree,slightly disagree,moderately disagree,moderately disagree,strongly disagree,moderately disagree,moderately disagree,slightly disagree,moderately disagree,moderately agree,moderately disagree
"open to experience, conscientious, introverted, antagonistic and emotionally stable",moderately disagree,moderately agree,strongly disagree,moderately disagree,moderately disagree,moderately agree,moderately disagree,moderately disagree,moderately disagree,strongly disagree,moderately disagree,moderately disagree,moderately agree,strongly disagree,moderately disagree,moderately disagree
"open to experience, unconscientious, extroverted, agreeable and neurotic",strongly agree,strongly agree,strongly agree,strongly agree,strongly agree,slightly agree,strongly agree,strongly agree,strongly agree,strongly agree,strongly agree,strongly agree,strongly agree,strongly agree,strongly agree,strongly agree
"open to experience, unconscientious, extroverted, agreeable and emotionally stable",strongly agree,strongly agree,strongly agree,strongly agree,strongly agree,strongly agree,strongly agree,strongly agree,strongly agree,strongly agree,moderately disagree,strongly agree,strongly agree,slightly disagree,strongly agree,strongly agree
"open to experience, unconscientious, extroverted, antagonistic and neurotic",strongly disagree,moderately disagree,moderately disagree,strongly disagree,strongly disagree,strongly disagree,moderately disagree,moderately disagree,strongly disagree,strongly disagree,strongly disagree,strongly disagree,moderately disagree,strongly disagree,strongly disagree,strongly disagree
"open to experience, unconscientious, extroverted, antagonistic and emotionally stable",strongly disagree,moderately disagree,moderately disagree,moderately disagree,strongly disagree,strongly disagree,strongly disagree,strongly disagree,moderately disagree,moderately disagree,strongly disagree,strongly disagree,moderately disagree,strongly disagree,strongly disagree,strongly disagree
"open to experience, unconscientious, introverted, agreeable and neurotic",strongly agree,strongly agree,slightly agree,strongly agree,strongly agree,strongly agree,strongly agree,strongly agree,strongly agree,strongly agree,strongly agree,strongly agree,strongly agree,moderately agree,strongly agree,strongly agree
"open to experience, unconscientious, introverted, agreeable and emotionally stable",strongly agree,strongly agree,slightly agree,strongly agree,strongly agree,strongly agree,strongly agree,strongly agree,strongly agree,strongly agree,strongly agree,strongly agree,strongly agree,moderately agree,strongly agree,strongly agree
"open to experience, unconscientious, introverted, antagonistic and neurotic",strongly disagree,moderately disagree,moderately disagree,strongly disagree,strongly disagree,strongly disagree,moderately disagree,moderately disagree,moderately disagree,strongly disagree,moderately disagree,strongly disagree,moderately disagree,strongly disagree,strongly disagree,strongly disagree
"open to experience, unconscientious, introverted, antagonistic and emotionally stable",strongly disagree,strongly disagree,moderately disagree,strongly disagree,moderately disagree,strongly disagree,strongly disagree,strongly disagree,strongly disagree,strongly disagree,strongly disagree,strongly disagree,strongly disagree,moderately disagree,moderately disagree,strongly disagree
"closed to experience, conscientious, extroverted, agreeable and neurotic",strongly agree,strongly agree,strongly agree,strongly agree,strongly agree,strongly agree,strongly agree,strongly agree,strongly agree,strongly agree,strongly agree,strongly agree,strongly agree,strongly agree,strongly agree,strongly agree
"closed to experience, conscientious, extroverted, agreeable and emotionally stable",strongly agree,strongly agree,strongly agree,strongly agree,strongly agree,strongly agree,strongly agree,strongly agree,strongly agree,strongly agree,moderately agree,strongly agree,strongly agree,moderately agree,strongly agree,strongly agree
"closed to experience, conscientious, extroverted, antagonistic and neurotic",slightly disagree,moderately disagree,slightly disagree,moderately disagree,moderately disagree,strongly agree,slightly disagree,moderately disagree,moderately disagree,strongly disagree,moderately disagree,moderately disagree,moderately disagree,strongly disagree,strongly agree,strongly disagree
"closed to experience, conscientious, extroverted, antagonistic and emotionally stable",strongly disagree,moderately disagree,moderately disagree,moderately disagree,moderately disagree,strongly agree,strongly agree,moderately agree,moderately disagree,strongly disagree,moderately disagree,moderately disagree,strongly agree,strongly disagree,strongly agree,slightly disagree
"closed to experience, conscientious, introverted, agreeable and neurotic",strongly agree,strongly agree,slightly agree,strongly agree,strongly agree,strongly agree,strongly agree,strongly agree,moderately agree,strongly agree,strongly agree,strongly agree,strongly agree,moderately agree,strongly agree,strongly agree
"closed to experience, conscientious, introverted, agreeable and emotionally stable",strongly agree,strongly agree,moderately agree,moderately agree,strongly agree,strongly agree,strongly agree,strongly agree,moderately agree,strongly agree,moderately agree,strongly agree,strongly agree,slightly agree,strongly agree,strongly agree
"closed to experience, conscientious, introverted, antagonistic and neurotic",moderately disagree,moderately disagree,moderately disagree,moderately disagree,strongly disagree,strongly disagree,strongly disagree,slightly disagree,strongly disagree,strongly disagree,moderately agree,moderately disagree,moderately disagree,strongly disagree,strongly agree,moderately disagree
"closed to experience, conscientious, introverted, antagonistic and emotionally stable",moderately disagree,moderately disagree,moderately disagree,moderately disagree,strongly agree,moderately disagree,strongly agree,moderately disagree,strongly disagree,strongly disagree,moderately disagree,moderately disagree,strongly disagree,strongly disagree,strongly agree,moderately disagree
"closed to experience, unconscientious, extroverted, agreeable and neurotic",strongly agree,strongly agree,strongly agree,strongly agree,strongly agree,slightly agree,strongly agree,strongly agree,strongly agree,strongly agree,strongly agree,strongly agree,strongly agree,strongly agree,strongly agree,strongly agree
"closed to experience, unconscientious, extroverted, agreeable and emotionally stable",strongly agree,strongly agree,strongly agree,strongly agree,strongly agree,strongly agree,strongly agree,strongly agree,strongly agree,strongly agree,moderately agree,strongly agree,strongly agree,strongly agree,strongly agree,strongly agree
"closed to experience, unconscientious, extroverted, antagonistic and neurotic",strongly disagree,strongly disagree,moderately disagree,strongly disagree,strongly disagree,strongly disagree,strongly disagree,strongly disagree,strongly disagree,strongly disagree,strongly disagree,strongly disagree,strongly disagree,strongly disagree,strongly disagree,strongly disagree
"closed to experience, unconscientious, extroverted, antagonistic and emotionally stable",strongly disagree,strongly disagree,moderately disagree,moderately disagree,moderately disagree,strongly disagree,moderately disagree,strongly disagree,moderately disagree,strongly disagree,moderately disagree,strongly disagree,strongly disagree,strongly disagree,strongly disagree,strongly disagree
"closed to experience, unconscientious, introverted, agreeable and neurotic",strongly agree,strongly agree,slightly agree,strongly agree,strongly agree,strongly agree,strongly agree,strongly agree,strongly agree,strongly agree,strongly agree,strongly agree,strongly agree,strongly agree,strongly agree,strongly agree
"closed to experience, unconscientious, introverted, agreeable and emotionally stable",strongly agree,strongly agree,strongly agree,strongly agree,strongly agree,strongly agree,strongly agree,strongly agree,strongly agree,strongly agree,strongly agree,strongly agree,strongly agree,strongly agree,strongly agree,strongly agree
"closed to experience, unconscientious, introverted, antagonistic and neurotic",strongly disagree,strongly disagree,strongly disagree,strongly disagree,strongly disagree,strongly disagree,moderately disagree,strongly disagree,strongly disagree,strongly disagree,strongly disagree,strongly disagree,moderately disagree,strongly disagree,strongly disagree,strongly disagree
"closed to experience, unconscientious, introverted, antagonistic and emotionally stable",strongly disagree,strongly disagree,strongly disagree,strongly disagree,strongly disagree,strongly disagree,moderately disagree,strongly disagree,strongly disagree,strongly disagree,strongly disagree,strongly disagree,moderately disagree,strongly disagree,strongly disagree,strongly disagree
