persona,Am the life of the party.,Feel little concern for others.,Am always prepared.,Get stressed out easily.,Have a rich vocabulary.,Don't talk a lot.,Am interested in people.,Leave my belongings around.,Am relaxed most of the time.,Have difficulty understanding abstract ideas.,Feel comfortable around people.,Insult people.,Pay attention to details.,Worry about things.,Have a vivid imagination.,Keep in the background.,Sympathize with others' feelings.,Make a mess of things.,Seldom feel blue.,Am not interested in abstract ideas.,Start conversations.,Am not interested in other people's problems.,Get chores done right away.,Am easily disturbed.,Have excellent ideas.,Have little to say.,Have a soft heart.,Often forget to put things back in their proper place.,Get upset easily.,Do not have a good imagination.,Talk to a lot of different people at parties.,Am not really interested in others.,Like order.,Change my mood a lot.,Am quick to understand things.,Don't like to draw attention to myself.,Take time out for others.,Shirk my duties.,Have frequent mood swings.,Use difficult words.,Don't mind being the center of attention.,Feel others' emotions.,Follow a schedule.,Get irritated easily.,Spend time reflecting on things.,Am quiet around strangers.,Make people feel at ease.,Am exacting in my work.,Often feel blue.,Am full of ideas.
"cares about the well-being of others, cares about reciprocity or fairness, cares about loyalty to your group, cares about respecting hierarchies or authority figures and cares about moral purity or spiritual elevation",2,5,4,2,5,2,5,4,2,4,4,5,4,1,3,4,5,5,4,5,4,5,4,5,5,5,5,5,4,4,4,5,5,4,5,4,5,5,4,3,2,5,4,4,5,2,5,5,4,4
"cares about the well-being of others, cares about reciprocity or fairness, cares about loyalty to your group, cares about respecting hierarchies or authority figures and is not concerned with moral purity or spiritual elevation",2,5,4,4,4,3,5,5,2,4,4,5,4,2,3,4,5,4,3,5,5,5,4,4,3,4,4,3,4,3,4,4,5,4,4,2,5,5,4,2,4,5,4,4,4,4,5,4,4,4
"cares about the well-being of others, cares about reciprocity or fairness, cares about loyalty to your group, is not concerned with respecting hierarchies or authority figures and cares about moral purity or spiritual elevation",2,5,2,4,4,4,5,5,3,4,5,5,4,1,3,4,,5,4,4,4,5,4,4,5,4,5,3,4,4,4,5,3,3,5,4,5,5,4,2,3,5,2,4,4,4,5,5,4,5
"cares about the well-being of others, cares about reciprocity or fairness, cares about loyalty to your group, is not concerned with respecting hierarchies or authority figures and is not concerned with moral purity or spiritual elevation",3,5,3,3,4,3,5,3,3,4,5,5,3,1,3,4,5,4,3,3,4,4,3,4,4,4,5,3,4,3,4,5,2,3,5,3,5,5,3,2,4,5,2,4,3,3,4,3,3,4
"cares about the well-being of others, cares about reciprocity or fairness, is not concerned with loyalty to your group, cares about respecting hierarchies or authority figures and cares about moral purity or spiritual elevation",2,5,4,2,4,3,5,5,2,5,4,5,4,1,3,4,5,5,2,5,4,5,5,4,3,4,5,4,4,3,4,5,5,4,4,2,5,5,4,2,3,5,4,4,5,3,5,4,3,4
"cares about the well-being of others, cares about reciprocity or fairness, is not concerned with loyalty to your group, cares about respecting hierarchies or authority figures and is not concerned with moral purity or spiritual elevation",3,5,2,3,5,3,5,4,2,4,4,5,3,1,3,4,5,4,3,2,4,5,4,4,5,4,4,3,4,3,4,5,5,3,4,3,5,5,3,3,3,5,3,4,4,3,4,3,4,3
"cares about the well-being of others, cares about reciprocity or fairness, is not concerned with loyalty to your group, is not concerned with respecting hierarchies or authority figures and cares about moral purity or spiritual elevation",2,5,3,2,4,4,5,5,2,4,4,5,3,1,3,4,5,5,3,4,4,5,4,4,3,5,5,3,4,3,4,4,3,4,4,2,5,5,4,3,3,5,3,4,5,4,4,4,4,5
"cares about the well-being of others, cares about reciprocity or fairness, is not concerned with loyalty to your group, is not concerned with respecting hierarchies or authority figures and is not concerned with moral purity or spiritual elevation",3,5,3,3,5,3,5,4,3,4,5,5,3,1,3,4,5,4,3,4,4,5,4,3,3,4,5,3,3,4,5,4,3,3,4,3,5,5,3,2,4,5,3,4,4,3,5,3,3,5
"cares about the well-being of others, is not concerned with reciprocity or fairness, cares about loyalty to your group, cares about respecting hierarchies or authority figures and cares about moral purity or spiritual elevation",2,5,4,4,5,4,5,4,2,4,4,5,4,1,3,4,5,4,4,5,4,5,4,4,5,5,5,4,4,3,2,5,5,4,4,4,5,5,4,2,2,5,4,4,5,3,5,4,4,4
"cares about the well-being of others, is not concerned with reciprocity or fairness, cares about loyalty to your group, cares about respecting hierarchies or authority figures and is not concerned with moral purity or spiritual elevation",3,5,3,4,5,4,5,3,2,4,4,4,5,1,3,4,5,5,4,2,4,4,5,4,4,3,5,4,4,3,4,4,5,3,4,4,5,5,3,3,2,5,4,4,2,3,4,3,3,5
"cares about the well-being of others, is not concerned with reciprocity or fairness, cares about loyalty to your group, is not concerned with respecting hierarchies or authority figures and cares about moral purity or spiritual elevation",2,5,2,4,4,4,5,4,2,4,4,5,3,1,3,4,5,4,4,5,5,5,5,4,4,5,5,4,5,3,2,4,3,4,4,2,5,5,3,2,4,5,3,4,5,4,4,3,4,4
"cares about the well-being of others, is not concerned with reciprocity or fairness, cares about loyalty to your group, is not concerned with respecting hierarchies or authority figures and is not concerned with moral purity or spiritual elevation",4,5,2,4,3,3,5,3,4,4,4,5,3,2,4,4,5,3,3,2,5,4,3,4,4,4,5,3,4,3,4,5,2,3,4,4,5,5,3,3,3,5,2,3,2,4,5,3,3,5
"cares about the well-being of others, is not concerned with reciprocity or fairness, is not concerned with loyalty to your group, cares about respecting hierarchies or authority figures and cares about moral purity or spiritual elevation",2,5,3,3,3,3,5,5,2,4,4,5,3,2,3,4,5,5,4,5,4,5,4,4,4,4,5,5,3,3,4,5,5,3,3,1,5,5,4,3,2,5,4,4,5,4,4,4,4,5
"cares about the well-being of others, is not concerned with reciprocity or fairness, is not concerned with loyalty to your group, cares about respecting hierarchies or authority figures and is not concerned with moral purity or spiritual elevation",3,5,3,3,5,3,5,4,2,4,4,4,3,2,3,4,5,3,3,3,,5,4,4,4,4,5,4,3,3,4,4,5,3,3,4,5,5,3,2,3,5,4,3,4,4,5,4,3,5
"cares about the well-being of others, is not concerned with reciprocity or fairness, is not concerned with loyalty to your group, is not concerned with respecting hierarchies or authority figures and cares about moral purity or spiritual elevation",2,5,2,4,5,3,5,4,4,4,4,5,3,1,5,4,5,4,3,4,5,5,4,4,5,4,5,3,4,4,4,4,4,4,4,4,5,5,4,3,3,5,2,5,5,3,4,4,4,5
"cares about the well-being of others, is not concerned with reciprocity or fairness, is not concerned with loyalty to your group, is not concerned with respecting hierarchies or authority figures and is not concerned with moral purity or spiritual elevation",3,5,2,4,5,4,5,3,3,4,4,5,3,2,5,4,5,3,3,3,5,5,4,4,4,4,5,3,4,3,5,4,2,2,5,3,5,5,3,3,5,5,2,3,4,4,5,3,3,5
"is not concerned with the well-being of others, cares about reciprocity or fairness, cares about loyalty to your group, cares about respecting hierarchies or authority figures and cares about moral purity or spiritual elevation",2,1,5,4,4,3,2,4,2,4,2,2,4,2,3,4,1,5,4,5,3,1,4,4,4,4,1,5,4,2,2,1,5,3,4,4,2,5,4,4,4,1,4,2,5,4,2,5,4,5
"is not concerned with the well-being of others, cares about reciprocity or fairness, cares about loyalty to your group, cares about respecting hierarchies or authority figures and is not concerned with moral purity or spiritual elevation",2,1,4,4,5,4,1,4,2,4,2,2,3,4,3,4,,4,4,2,4,1,2,4,5,4,1,3,3,2,4,1,5,3,4,4,2,5,4,3,4,1,4,2,2,4,2,4,4,3
"is not concerned with the well-being of others, cares about reciprocity or fairness, cares about loyalty to your group, is not concerned with respecting hierarchies or authority figures and cares about moral purity or spiritual elevation",2,1,4,4,3,3,2,4,2,4,2,2,4,4,3,4,1,4,4,5,4,1,2,4,5,4,1,3,4,4,2,1,4,4,3,4,2,5,4,3,4,1,3,2,4,3,2,4,4,3
"is not concerned with the well-being of others, cares about reciprocity or fairness, cares about loyalty to your group, is not concerned with respecting hierarchies or authority figures and is not concerned with moral purity or spiritual elevation",,1,3,4,,3,2,4,2,4,4,1,3,4,3,4,1,2,4,3,5,1,3,4,4,4,1,3,4,3,3,1,2,3,5,4,2,4,3,3,4,2,3,2,2,4,2,3,4,5
"is not concerned with the well-being of others, cares about reciprocity or fairness, is not concerned with loyalty to your group, cares about respecting hierarchies or authority figures and cares about moral purity or spiritual elevation",2,1,3,3,3,3,1,5,2,4,2,2,4,4,3,4,1,4,5,4,3,1,4,4,4,5,1,5,3,3,2,1,5,4,4,4,2,5,3,4,4,1,4,2,5,4,2,4,4,5
"is not concerned with the well-being of others, cares about reciprocity or fairness, is not concerned with loyalty to your group, cares about respecting hierarchies or authority figures and is not concerned with moral purity or spiritual elevation",2,1,4,4,3,4,2,3,3,4,2,2,4,4,3,4,1,4,3,,3,1,3,4,5,4,1,3,4,3,4,1,5,3,4,4,2,5,3,3,4,2,4,2,2,3,2,4,3,5
"is not concerned with the well-being of others, cares about reciprocity or fairness, is not concerned with loyalty to your group, is not concerned with respecting hierarchies or authority figures and cares about moral purity or spiritual elevation",2,1,2,4,5,3,1,2,2,5,2,4,5,2,3,4,1,4,4,5,4,1,2,2,5,4,2,3,2,3,3,1,4,3,3,4,1,4,4,3,4,1,3,3,5,4,2,5,4,5
"is not concerned with the well-being of others, cares about reciprocity or fairness, is not concerned with loyalty to your group, is not concerned with respecting hierarchies or authority figures and is not concerned with moral purity or spiritual elevation",3,1,3,4,5,4,2,2,3,4,4,1,3,4,3,4,1,3,3,4,4,1,2,4,4,5,1,3,2,3,3,1,3,3,5,4,1,1,3,3,5,1,3,2,2,4,2,3,3,5
"is not concerned with the well-being of others, is not concerned with reciprocity or fairness, cares about loyalty to your group, cares about respecting hierarchies or authority figures and cares about moral purity or spiritual elevation",2,1,5,4,5,3,1,3,2,3,2,1,4,4,3,4,1,5,5,4,4,1,4,4,5,5,1,5,4,4,2,1,5,5,5,5,1,5,4,5,4,1,5,4,5,3,2,5,4,5
"is not concerned with the well-being of others, is not concerned with reciprocity or fairness, cares about loyalty to your group, cares about respecting hierarchies or authority figures and is not concerned with moral purity or spiritual elevation",3,1,3,4,,4,1,4,2,4,2,1,4,4,3,4,,4,4,2,5,1,3,4,5,4,1,3,4,3,2,1,5,3,5,4,1,5,3,4,4,1,4,2,2,4,2,4,4,5
"is not concerned with the well-being of others, is not concerned with reciprocity or fairness, cares about loyalty to your group, is not concerned with respecting hierarchies or authority figures and cares about moral purity or spiritual elevation",2,1,3,4,5,4,1,3,2,4,2,1,4,4,3,5,1,4,5,4,4,1,2,4,5,4,1,3,4,3,2,1,4,4,3,5,1,4,3,3,3,1,3,2,5,4,2,5,4,5
"is not concerned with the well-being of others, is not concerned with reciprocity or fairness, cares about loyalty to your group, is not concerned with respecting hierarchies or authority figures and is not concerned with moral purity or spiritual elevation",4,1,4,5,5,4,1,2,3,4,2,1,3,4,5,4,,2,4,3,4,1,2,4,5,4,1,1,4,3,2,1,2,4,5,4,1,2,3,4,4,1,3,1,2,4,2,3,3,5
"is not concerned with the well-being of others, is not concerned with reciprocity or fairness, is not concerned with loyalty to your group, cares about respecting hierarchies or authority figures and cares about moral purity or spiritual elevation",1,1,4,4,5,4,1,4,2,5,2,2,5,5,3,4,1,4,5,5,4,1,4,4,5,4,1,4,4,4,2,1,5,4,5,4,1,5,4,5,4,1,5,3,5,3,2,5,4,3
"is not concerned with the well-being of others, is not concerned with reciprocity or fairness, is not concerned with loyalty to your group, cares about respecting hierarchies or authority figures and is not concerned with moral purity or spiritual elevation",4,1,4,4,5,4,1,2,3,4,2,1,3,4,4,2,1,4,4,4,4,1,4,4,5,4,1,3,4,4,4,1,5,3,5,4,1,5,3,3,4,1,4,2,2,4,2,3,4,5
"is not concerned with the well-being of others, is not concerned with reciprocity or fairness, is not concerned with loyalty to your group, is not concerned with respecting hierarchies or authority figures and cares about moral purity or spiritual elevation",1,1,4,4,5,2,1,4,2,4,2,1,3,4,5,4,1,4,4,4,5,1,2,2,5,4,1,3,4,4,3,1,2,3,5,4,1,4,4,4,4,1,3,3,5,4,2,5,4,5
"is not concerned with the well-being of others, is not concerned with reciprocity or fairness, is not concerned with loyalty to your group, is not concerned with respecting hierarchies or authority figures and is not concerned with moral purity or spiritual elevation",3,1,2,5,,4,1,2,4,5,3,1,3,4,5,4,1,1,5,2,5,1,2,4,,4,1,1,5,3,4,1,3,3,5,4,1,1,3,3,5,1,2,2,2,3,2,4,3,5
